cm-1,alpha-n
0.9667910156249988,0.16653165683191057
4.823725097656251,0.3063284772668874
8.680659179687495,0.3330254607516215
12.537593261718747,0.35724037652856266
16.39452734375,0.390216138540156
20.25146142578125,0.4175638607424288
24.1083955078125,0.4454177413807612
27.965329589843748,0.47272019302945373
31.822263671875,0.5023824487540433
35.67919775390625,0.529571571077726
39.536131835937496,0.5571122794067757
43.39306591796875,0.5854767282817134
47.25,0.6142612170311843
51.105186523437496,0.6424060935251875
58.8190546875,0.7014257042273795
66.5329228515625,0.7660528096565802
74.246791015625,0.838993816564535
81.9606591796875,0.9230034228424928
89.67452734375,1.017862973755875
97.3883955078125,1.1230727598832932
105.102263671875,1.234756490074444
112.8161318359375,1.350223319330375
120.53,1.4641486046683359
128.238109375,1.573061807568591
135.9519775390625,1.67225798947596
143.665845703125,1.7584982028698928
151.3797138671875,1.8291666713214225
159.09358203124998,1.8830866280843181
166.8074501953125,1.9195595658501579
174.521318359375,1.9391575351614219
182.2351865234375,1.9432157242116967
189.9490546875,1.934401985860671
197.66292285156248,1.914734963661091
205.376791015625,1.8870323672206744
213.0906591796875,1.8539706395886137
220.80452734375,1.8194735346239779
228.5183955078125,1.7849879384740615
236.232263671875,1.7546290489690275
243.9461318359375,1.7305104350791505
251.66,1.7153879417536249
259.378109375,1.7112269253310854
267.0919775390625,1.7180582926506178
274.805845703125,1.735525945945604
282.51971386718753,1.764951168518312
290.23358203125,1.8039780307996822
297.9474501953125,1.8486393691599563
305.661318359375,1.9024873671544078
313.3751865234375,1.959817323267696
321.08905468750004,2.0223488048109233
328.8029228515625,2.088120852500914
336.516791015625,2.155034987551917
344.2306591796875,2.2274635399502007
351.94452734375,2.2988575735325765
359.6583955078125,2.373453300742452
367.37226367187503,2.44930824267466
375.0861318359375,2.5283672998011415
382.8,2.604361290646514
390.508109375,2.6835771123588725
398.2219775390624,2.761767719169769
405.935845703125,2.8410453545602983
413.6497138671874,2.921533645886803
421.36358203125,3.0010064085789403
429.0774501953125,3.0796114856607915
436.7913183593749,3.159288552118102
444.50518652343743,3.2378086194611075
452.2190546874999,3.319472517730808
459.93292285156247,3.397918153758243
467.64679101562496,3.4791812190014526
475.36065917968745,3.5593035988433606
483.07452734374993,3.6418726532828996
490.7883955078124,3.721259641530894
498.50226367187497,3.802945716254208
506.2161318359375,3.880582421528339
513.93,3.960590987731882
521.6481093750001,4.036666674593146
529.3619775390625,4.112516263588275
537.0758457031251,4.184295326287672
544.7897138671875,4.2519579803735175
552.5035820312501,4.319149830898203
560.2174501953125,4.380261764508503
567.931318359375,4.435602977046155
575.6451865234376,4.487001623974435
583.3590546875,4.544555638739735
591.0729228515626,4.585964175668495
598.786791015625,4.60346203482271
606.5006591796875,4.61380913474503
614.2145273437501,4.620820462711114
621.9283955078125,4.6194684637460846
629.6422636718751,4.6075788257889085
637.3561318359375,4.595918599420823
645.07,4.576761202321315
652.788109375,4.547046793695474
660.5019775390625,4.517050973520348
668.2158457031251,4.491296591274827
675.9297138671875,4.46309540698079
683.64358203125,4.427657306658065
691.3574501953126,4.388133895737201
699.071318359375,4.342353920978353
706.7851865234376,4.295700397868609
714.4990546875,4.249260227536717
722.2129228515626,4.199592491048111
729.926791015625,4.1477768248312215
737.6406591796875,4.080308405890803
745.3545273437501,3.9966913228417766
753.0683955078125,3.9059280687926337
760.7822636718751,3.8006732670134005
768.4961318359375,3.6871260009939055
776.21,3.570725619511442
783.9181093750001,3.450545299746093
791.6319775390625,3.3347704471965454
799.3458457031251,3.21260265836439
807.0597138671875,3.086044696422373
814.77358203125,2.9535962095778516
822.4874501953125,2.8197809394658924
830.201318359375,2.6841785530749327
837.9151865234376,2.5456233846306344
845.6290546875,2.406856392819077
853.3429228515625,2.269334341230975
861.056791015625,2.1336356019725975
868.7706591796875,2.00345625064593
876.4845273437501,1.874401016105799
884.1983955078125,1.7543524805532926
891.912263671875,1.6401214405474298
899.6261318359375,1.5327217678610996
907.34,1.4336747162317267
915.058109375,1.3434379617795424
922.7719775390624,1.2618813516630052
930.485845703125,1.1873777077159722
938.1997138671876,1.121519592444809
945.91358203125,1.0636722622177726
953.6274501953126,1.012269447645624
961.341318359375,0.9666381188514176
969.0551865234376,0.9289310359518986
976.7690546875,0.8955801732470566
984.4829228515624,0.8663007035039502
992.196791015625,0.8406428015767287
999.9106591796876,0.818836031995541
1007.62452734375,0.799473184072916
1015.3383955078124,0.7827528007941219
1023.052263671875,0.7684061264825411
1030.7661318359376,0.7551590474076396
1038.48,0.7439408207011979
1046.1881093749998,0.7347756492858648
1053.9019775390625,0.726938860186974
1061.615845703125,0.720035393903026
1069.3297138671874,0.7141358454780184
1077.0435820312498,0.7097268733629392
1084.7574501953125,0.7053332208439757
1092.471318359375,0.7016527962104009
1100.185186523437,0.6982127821771026
1107.8990546875,0.6948562867073212
1115.6129228515624,0.6915854509758877
1123.3267910156248,0.6880291125218333
1131.0406591796873,0.6915963607714576
1138.75452734375,0.6984493819959827
1146.4683955078124,0.7033215488545208
1154.1822636718748,0.6994634576902848
1161.8961318359377,0.69899852961482
1169.61,0.7008543929000185
1177.328109375,0.7030379324049658
1185.0419775390626,0.7048439623949789
1192.755845703125,0.7082831479975386
1200.4697138671877,0.7144498207278631
1208.18358203125,0.7172997881540247
1215.8974501953126,0.7175399056172712
1223.611318359375,0.7190334770229454
1231.3251865234374,0.723373702131828
1239.0390546875,0.7273375138033688
1246.7529228515623,0.7342117810900612
1254.466791015625,0.741593098968993
1262.1806591796876,0.7484854005556054
1269.89452734375,0.7535745015618036
1277.6083955078125,0.7576809562614044
1285.322263671875,0.7608022411269285
1293.0361318359376,0.7634317822512408
1300.75,0.7668328982751
1308.458109375,0.7699664694057287
1316.1719775390627,0.7732699707984306
1323.8858457031251,0.7760207304573996
1331.5997138671876,0.7789407831240281
1339.31358203125,0.7813660842086096
1347.027450195313,0.7845192700301056
1354.741318359375,0.7874499521003617
1362.4551865234375,0.7906112183078285
1370.1690546875002,0.7940492695975311
1377.8829228515626,0.7977193834546853
1385.596791015625,0.8016671745502549
1393.3106591796875,0.8058485831140464
1401.0245273437502,0.809974129955895
1408.7383955078126,0.8148363174103075
1416.452263671875,0.8205428032380084
1424.1661318359377,0.8269280924676462
1431.88,0.8331551769164312
1439.598109375,0.8406304770763593
1447.3119775390626,0.8475495943287189
1455.025845703125,0.8552165806164193
1462.7397138671874,0.8627930895224004
1470.45358203125,0.8730791022365799
1478.1674501953123,0.8851373577117352
1485.881318359375,0.8965436764310529
1493.5951865234374,0.9123359368909234
1501.3090546875,0.9279943994140022
1509.0229228515625,0.9461318580785977
1516.736791015625,0.9690404405418261
1524.4506591796876,0.9966747487992238
1532.16452734375,1.0285505332214897
1539.8783955078125,1.066990649873589
1547.592263671875,1.1157156321819224
1555.3061318359375,1.174380942174943
1563.02,1.24581504631488
1570.738109375,1.3364999180710837
1578.451977539063,1.451953594395907
1586.1658457031251,1.6028999200213054
1593.8797138671875,1.8027978356247036
1601.59358203125,2.067063417640219
1609.3074501953126,2.4021580434745387
1617.021318359375,2.8020070216994726
1624.7351865234375,3.219712250961135
1632.4490546875002,3.5551582588794086
1640.1629228515626,3.7160254886749513
1647.876791015625,3.6803698296952407
1655.5906591796877,3.4914115331684243
1663.30452734375,3.208547043821949
1671.0183955078126,2.87477064246871
1678.732263671875,2.520649639042429
1686.4461318359376,2.16861513401891
1694.16,1.8393762389960826
1701.868109375,1.5480831678664853
1709.5819775390626,1.3020238170119378
1717.295845703125,1.1009952718818923
1725.0097138671874,0.9400210215800399
1732.72358203125,0.8120612783581599
1740.4374501953123,0.7116820846113014
1748.151318359375,0.6333288504739168
1755.8651865234374,0.571229835266298
1763.5790546875,0.5219109828243437
1771.2929228515625,0.48169360184648513
1779.006791015625,0.44900130334338745
1786.7206591796876,0.4216534027098787
1794.43452734375,0.3998636095862836
1802.1483955078124,0.38170463721266673
1809.8622636718749,0.36687705248491465
1817.5761318359373,0.35477343724056126
1825.29,0.344749629227622
1833.008109375,0.3363217229341789
1840.721977539063,0.3296647084223537
1848.435845703125,0.3242652517713833
1856.1497138671875,0.31968186312315494
1863.86358203125,0.3172477806727464
1871.5774501953128,0.31509146467637117
1879.291318359375,0.31428686725308375
1887.0051865234373,0.314265735896711
1894.7190546875,0.31541275560689
1902.4329228515624,0.3172299885295038
1910.146791015625,0.3200296510922136
1917.8606591796877,0.32400601667571305
1925.57452734375,0.3288020953572031
1933.2883955078123,0.3349475475155371
1941.002263671875,0.3417742756229349
1948.7161318359376,0.34959345100981915
1956.43,0.35840564720516255
1964.138109375,0.3687714824072567
1971.8519775390623,0.37960021921577863
1979.565845703125,0.3911451535152594
1987.2797138671876,0.4033492255454571
1994.9935820312496,0.41637958713919937
2002.7074501953125,0.43009843840197376
2010.421318359375,0.443966866020834
2018.1351865234371,0.4579820023509165
2025.8490546875,0.47200758965339085
2033.5629228515625,0.4857056281869995
2041.276791015625,0.4998833663533929
2048.990659179688,0.513185376758793
2056.7045273437498,0.5256873269923341
2064.4183955078124,0.5379464705490014
2072.132263671875,0.549024947362423
2079.8461318359373,0.558414572527503
2087.56,0.5675950125585987
2095.278109375,0.5750844087861678
2102.991977539062,0.5813901431747451
2110.705845703125,0.5854522577122105
2118.4197138671875,0.5880353557348207
2126.1335820312497,0.5890509608397168
2133.8474501953124,0.5882046232523034
2141.561318359375,0.5858789887580923
2149.275186523437,0.5818162624563894
2156.9890546875,0.5761041050644027
2164.702922851562,0.5685287177261902
2172.4167910156248,0.5602749093386888
2180.1306591796874,0.5504958707462191
2187.8445273437496,0.5404173353241939
2195.5583955078123,0.5286419188482085
2203.272263671875,0.5163547106071427
2210.986131835937,0.5044405893353768
2218.7,0.4915041335521015
2226.408109375,0.47890083437653636
2234.1219775390623,0.46683556910282553
2241.835845703125,0.45405034653711285
2249.549713867188,0.44132561216038996
2257.26358203125,0.429068189190641
2264.9774501953125,0.41680332308933477
2272.691318359375,0.4045613726567609
2280.4051865234374,0.3929897373973278
2288.1190546875,0.38123933952964145
2295.832922851562,0.3699901167684963
2303.546791015625,0.35926956026931783
2311.2606591796875,0.348002596345283
2318.9745273437497,0.33794404522168514
2326.6883955078124,0.3288982697933846
2334.402263671875,0.32240026300297425
2342.1161318359373,0.31521437830776966
2349.83,0.3078513623756119
2357.548109375,0.2994578295852673
2365.261977539062,0.29276372686653923
2372.975845703125,0.2852095855904939
2380.6897138671875,0.2781611439273301
2388.4035820312497,0.2726447128561011
2396.1174501953124,0.2671232347299122
2403.8313183593746,0.261254529418549
2411.545186523437,0.2550571282803748
2419.2590546875,0.24934837382695968
2426.972922851562,0.24277775826860293
2434.6867910156247,0.23741869080240055
2442.4006591796874,0.2330656568797939
2450.1145273437496,0.22752452582747307
2457.8283955078123,0.2224760179274555
2465.542263671875,0.21692379864832864
2473.256131835937,0.21222490126499413
2480.97,0.20717714532518525
2488.6881093750003,0.2028121182745046
2496.4019775390625,0.19930300037253765
2504.115845703125,0.19527353875125253
2511.829713867188,0.19037835426327593
2519.54358203125,0.18547799526945663
2527.2574501953127,0.18282803651371546
2534.971318359375,0.17947123516181518
2542.6851865234376,0.17595119471918996
2550.3990546875,0.17329073401070383
2558.1129228515624,0.1704541361821507
2565.826791015625,0.1672681190132387
2573.540659179688,0.16442438393524725
2581.25452734375,0.16278944401034115
2588.9683955078126,0.16097918265101807
2596.6822636718757,0.15744440888633807
2604.396131835937,0.15616046869273775
2612.11,0.15468971099508957
2619.818109375,0.15253344597906748
2627.531977539062,0.1528192036034542
2635.245845703125,0.1520501777215637
2642.9597138671875,0.1521615697931546
2650.6735820312497,0.15295867310453184
2658.3874501953123,0.15307057497965404
2666.101318359375,0.1547639893696012
2673.815186523437,0.157670761654239
2681.5290546875,0.1611058178481951
2689.242922851562,0.16420795959111856
2696.9567910156247,0.16766489910165605
2704.6706591796874,0.1725284120452501
2712.3845273437496,0.17739949557128404
2720.0983955078123,0.1829931873676828
2727.812263671875,0.189649972467919
2735.526131835937,0.19702109427622458
2743.24,0.20528429579379023
2750.9581093750003,0.21551383502178895
2758.6719775390625,0.22540978430907607
2766.385845703125,0.2370880067418174
2774.099713867188,0.2502003319983058
2781.81358203125,0.26459307980402846
2789.5274501953127,0.28058650873735325
2797.241318359376,0.29609949882277303
2804.955186523437,0.31166558494597857
2812.6690546875,0.3272645533969536
2820.3829228515624,0.3462969084353196
2828.096791015625,0.3721316484624635
2835.810659179688,0.3960657517092717
2843.52452734375,0.4227280558087885
2851.2383955078126,0.44876837410993264
2858.9522636718752,0.4802323902199608
2866.666131835937,0.5159237609370394
2874.38,0.5491964962507084
2882.0881093750004,0.5868586399689427
2889.8019775390626,0.629510294573534
2897.5158457031253,0.6728144849531119
2905.229713867188,0.719937613585721
2912.94358203125,0.7714736525656887
2920.657450195313,0.8264628712551507
2928.3713183593754,0.8852930517101968
2936.0851865234376,0.9530014606629785
2943.7990546875003,1.0249087389504994
2951.5129228515625,1.1021242445470634
2959.226791015625,1.1804666198692308
2966.940659179688,1.2742111794792885
2974.65452734375,1.355085748941465
2982.3683955078127,1.4413786760205352
2990.082263671876,1.5499723850477194
2997.7961318359376,1.6677665184044268
3005.51,1.7940129011731965
3013.2281093750003,1.9286481902652655
3020.9419775390625,2.0744876864666635
3028.655845703125,2.2319614090560522
3036.369713867188,2.401296348055745
3044.08358203125,2.582413611369272
3051.7974501953126,2.775187404975283
3059.511318359375,2.981913246724378
3067.225186523437,3.2043573509507737
3074.9390546875,3.442370982474211
3082.6529228515624,3.6981158357183204
3090.366791015625,3.971415391210387
3098.080659179688,4.262593501643675
3105.79452734375,4.573315695154968
3113.508395507813,4.905173068565477
3121.222263671875,5.256594407391716
3128.936131835937,5.628729955851192
3136.65,6.026039220334033
3144.368109375,6.441541588536909
3152.0819775390623,6.879219263293757
3159.795845703125,7.3350616202237715
3167.509713867188,7.815379517241021
3175.22358203125,8.302608056026923
3182.9374501953125,8.80574718067231
3190.651318359375,9.317941308189912
3198.3651865234374,9.82839127037603
3206.0790546875,10.336343067807853
3213.7929228515623,10.826666878734093
3221.506791015625,11.301813456180632
3229.220659179688,11.746635517625236
3236.93452734375,12.164914658212266
3244.6483955078124,12.555130388909598
3252.362263671875,12.907007619543709
3260.0761318359373,13.239251041678305
3267.79,13.545447964143936
3275.498109375,13.832341175896575
3283.2119775390624,14.107456651567164
3290.925845703125,14.396188979559001
3298.639713867188,14.666048380821799
3306.35358203125,14.950340320055936
3314.0674501953126,15.228633146235405
3321.7813183593757,15.501812642995848
3329.495186523437,15.803110353525604
3337.2090546875,16.09508885550305
3344.9229228515624,16.376162659945802
3352.636791015625,16.62590903738965
3360.350659179688,16.877606687849593
3368.06452734375,17.080889571449994
3375.7783955078125,17.234739355637075
3383.492263671875,17.3564523997193
3391.2061318359374,17.396833937434245
3398.92,17.375446404787024
3406.638109375,17.278424420234895
3414.3519775390623,17.11575885848266
3422.065845703125,16.868028754005127
3429.779713867188,16.593734062019955
3437.49358203125,16.23585070853261
3445.2074501953125,15.853139923070556
3452.9213183593747,15.437304653161737
3460.6351865234374,14.987999506913694
3468.3490546875,14.522487706405345
3476.0629228515622,14.039798075909571
3483.776791015625,13.556268544095957
3491.490659179688,13.054472751755569
3499.2045273437498,12.55149039169606
3506.9183955078124,12.03011432022694
3514.632263671875,11.506937367783474
3522.3461318359373,10.980425025736423
3530.06,10.436567893045432
3537.768109375,9.911690108570637
3545.4819775390624,9.380086995910824
3553.195845703125,8.85493047635529
3560.909713867188,8.339265733847421
3568.62358203125,7.8357180016716885
3576.3374501953126,7.34696986600984
3584.051318359375,6.875733481648436
3591.765186523437,6.4195048210925725
3599.4790546875,5.978443070494899
3607.1929228515614,5.549659428145258
3614.906791015625,5.126285693418979
3622.620659179688,4.704296712534616
3630.33452734375,4.273619022615282
3638.048395507813,3.824832219107692
3645.762263671875,3.351283493379156
3653.4761318359374,2.858822586049672
3661.19,2.3638145728268873
3668.903725097656,1.8909361112911385
3672.760659179688,1.6736786207413923
3676.617593261719,1.47437424389932
3680.4745273437497,1.294269705300737
3684.331461425781,1.1336134067162729
3688.188395507813,0.9939073568000456
3692.045329589844,0.8707790981149053
3695.902263671875,0.7674582360316912
3699.7591977539055,0.676632785951729
3703.616131835937,0.6015515983291647
3707.4730659179686,0.5363184129717679
3711.33,0.4825552972652792
3715.1890546875,0.43615879160584387
3719.045988769532,0.4120359336015689
3722.9029228515615,0.38771896790274807
3726.7598569335937,0.363251418985867
3730.616791015625,0.34178707169157085
3734.473725097656,0.32353597781984667
3738.330659179688,0.3071566148682331
3742.187593261719,0.29296892278789094
3746.04452734375,0.28022732665936995
3749.901461425781,0.2691182871242462
3753.758395507813,0.25853712365561576
3757.615329589844,0.2494524119826115
3761.472263671875,0.24091112538380544
3765.3291977539066,0.2332854586723176
3769.1861318359374,0.22559853906654298
3773.0430659179688,0.21881432857365624
3776.9,0.21231973746690577
3780.7590546875,0.20656211834501478
3784.615988769531,0.20108215097136262
3788.472922851562,0.19574371780308997
3792.3298569335934,0.1905473541339047
3796.1867910156247,0.1860986810688246
3800.043725097656,0.18132957099414057
3803.900659179688,0.17717151143208293
3807.757593261719,0.17314556745516377
3811.6145273437496,0.1695785231269519
3815.471461425781,0.16600413762788918
3819.328395507812,0.16272116857241065
3823.185329589844,0.15943203089420332
3827.042263671875,0.15676189666371063
3830.899197753906,0.1539177409978058
3834.756131835937,0.1515507232019408
3838.613065917969,0.14916708581095522
3842.47,0.14692424341022867
3846.3252734375,0.14512911556873248
3877.1807460937503,0.13454853582514542
3908.03621875,0.13135246533059605
3938.89169140625,0.13079781438263843
3969.7471640625,0.1283406888126147
4000.60263671875,0.12357653275374621
4031.458109375,0.11341119945698927
4062.31358203125,0.09929368183273174
4093.1690546875,0.08538260914847755
4124.02452734375,0.07556267156770853
4154.88,0.06676091359966872
4185.7324375,0.05927048247093105
4216.5879101562505,0.05280065761973155
4247.4433828125,0.04779977046757351
4278.29885546875,0.042046770165676164
4309.154328125,0.03779279999076456
4340.00980078125,0.034211289987351824
4370.8652734375,0.03142021124160036
4401.72074609375,0.029193680004858048
4432.57621875,0.027599693872130786
4463.43169140625,0.0266098070808804
4494.2871640625,0.02602665301748733
4525.142636718751,0.025900855172610485
4555.998109375,0.02613690312916809
4586.85358203125,0.02683248416532061
4617.7090546875,0.02790825373396404
4648.56452734375,0.029329830684946927
4679.42,0.03143016260653151
4710.2824375,0.034026326893649
4741.137910156251,0.037187618591292486
4771.9933828125,0.04117968612355618
4802.84885546875,0.045835046285316976
4833.704328125,0.05132319600564662
4864.5598007812505,0.05814241725604599
4895.4152734375,0.06546113126133307
4926.27074609375,0.07395286495689594
4957.126218750001,0.08426568059173392
4987.98169140625,0.0954234318542742
5018.8371640625,0.10874147558073387
5049.69263671875,0.12388710124149278
5080.548109375,0.14003872221058264
5111.40358203125,0.15668672613301923
5142.2590546875,0.17098940439984792
5173.114527343751,0.17798221375265783
5203.97,0.17449236642417434
5234.820373046875,0.1575915343619472
5250.248109375,0.14123910687991026
5265.675845703125,0.11895393893945144
5281.10358203125,0.09302700731621451
5296.531318359375,0.06848848482621356
5311.9590546875,0.049216636833927116
5327.386791015625,0.035975751871930965
5342.81452734375,0.026834132105235557
5358.242263671875,0.02103294389905012
5373.67,0.01774230230042539
5389.09621875,0.015600968410228271
5404.523955078124,0.014160980924319236
5419.95169140625,0.013170646015764833
5435.379427734375,0.01279458714677929
5450.807164062499,0.012449349087533408
5466.234900390625,0.012196330663574737
5481.662636718749,0.012061550080476246
5497.090373046874,0.012028394880366718
5512.518109375,0.011970976600791633
5527.945845703124,0.012062828412831001
5543.3735820312495,0.01207967869404957
5558.801318359375,0.011976468714234419
5574.229054687499,0.012015741046916113
5589.656791015625,0.01202091351354477
5605.08452734375,0.0119226583142504
5620.512263671874,0.011735047683358597
5635.94,0.011486552618682342
5651.3733828125005,0.01119874239782776
5682.22885546875,0.010323363469900744
5713.084328125,0.009659606154484855
5743.939800781251,0.008987194414321477
5774.7952734375,0.008509892260093683
5805.65074609375,0.008172703233901867
5836.506218750001,0.007906609241521312
5867.36169140625,0.0077496485087353035
5898.2171640625,0.007676197417904098
5929.072636718751,0.007655633217959945
5959.9281093750005,0.007655128257562182
5990.78358203125,0.007737160488883255
6021.6390546875,0.007858780748722784
6052.494527343751,0.008032302194321583
6083.35,0.008241643200735407
6114.2024375,0.008468846066024799
6145.057910156251,0.008788184449018736
6175.9133828125005,0.009124361642651789
6206.76885546875,0.009527618784934404
6237.624328125,0.009947745326068012
6268.479800781251,0.01046849688821128
6299.3352734375,0.011123423641759606
6330.19074609375,0.011811160076074117
6361.046218750001,0.012533463738828994
6391.90169140625,0.013473847332680495
6422.7571640625,0.014565366006914871
6453.61263671875,0.015790124383074353
6484.4681093750005,0.017133716687873002
6515.32358203125,0.018947205103549244
6546.1790546875,0.020457829437345778
6577.034527343751,0.02222192171436472
6607.89,0.024370495069608183
6638.7424375,0.026823361231127843
6669.597910156251,0.029291524047604413
6700.4533828125,0.03174569530616422
6731.30885546875,0.0347685396588103
6762.164328125,0.037355524933346575
6793.0198007812505,0.039858989095348595
6823.8752734375,0.041825744844677396
6854.73074609375,0.04295353476565554
6885.586218750001,0.04314144834729582
6916.44169140625,0.04289290638069468
6947.2971640625,0.042426067816496105
6978.152636718751,0.041018896638799165
7009.0081093750005,0.03920851165211976
7039.86358203125,0.0364910332421833
7070.7190546875,0.03360264957091983
7101.574527343751,0.029121147707441137
7132.43,0.0237488049572835
7163.292437499999,0.017703776447564414
7194.14791015625,0.012364285436964294
7225.0033828125,0.009021908975982394
7255.858855468749,0.007023173251134613
7286.714328124999,0.005898344014164549
7317.56980078125,0.005260175777199158
7348.4252734374995,0.00480678710466533
7379.280746093749,0.0044877953880726835
7410.13621875,0.004185564737080629
7440.99169140625,0.0037992343465462824
7471.847164062499,0.003429657374559559
7502.70263671875,0.0030768376446469424
7533.558109375,0.0027575935753062987
7564.4135820312495,0.0024887486830708046
7595.269054687499,0.002236680150541843
7626.12452734375,0.0020518470567394914
7656.98,0.0018838056167496107
7687.8324375,0.0017527448151173118
7718.687910156251,0.0016553086151959906
7749.543382812501,0.001578045850812075
7780.39885546875,0.001534420943030951
7811.254328125,0.0014790111619183359
7842.109800781251,0.0014538821811548469
7872.9652734375,0.0014270665154080245
7903.82074609375,0.0014287493768648735
7934.676218750001,0.0014456874717417125
7965.53169140625,0.0014525294174845198
7996.3871640625,0.0014711550895008729
8027.242636718751,0.0014965170504781698
8058.098109375001,0.001523450990644256
8088.95358203125,0.0015370343233833206
8119.8090546875,0.0015640887046336782
8150.664527343751,0.0015810446426341132
8181.52,0.00160124968599046
8212.3724375,0.0016283129888026158
8243.227910156249,0.001645276318954255
8274.0833828125,0.001660558062157873
8304.93885546875,0.0016757152858489692
8335.794328124999,0.0016876319433933038
8366.64980078125,0.0016911284309127823
8397.505273437499,0.0016744112084158824
8428.36074609375,0.00165925054355095
8459.21621875,0.001644214270747657
8490.071691406249,0.0016274909306083804
8520.9271640625,0.0016258061573882895
8551.78263671875,0.0015972858360836543
8582.638109374999,0.0015805563783020031
8613.49358203125,0.0015569659845960028
8644.3490546875,0.001498103304165836
8675.204527343749,0.0013986791253741775
8706.06,0.0012218301921265299
8736.922437500001,0.0010181564676488492
8767.77791015625,0.000812873471854064
8798.6333828125,0.0006288741999624321
8829.488855468751,0.0004994626509891805
8860.344328125,0.0004172021806271419
8891.19980078125,0.0003688514705813189
8922.055273437501,0.00033901293754069116
8952.91074609375,0.00031459272388169204
8983.766218750001,0.00030686068666339677
9014.62169140625,0.0002891571855097392
9045.4771640625,0.00027198005650215767
9076.332636718753,0.00025663586236595416
9107.188109375,0.00024198442750335725
9138.04358203125,0.00022697633409025702
9168.8990546875,0.0002158630504407351
9199.75452734375,0.00020660329772525612
9230.61,0.00019749588705002038
9261.4624375,0.00019076407161506382
9292.31791015625,0.00018789670714339612
9323.1733828125,0.00018605541149410473
9354.02885546875,0.00018639277398094806
9384.884328125,0.00018893726713114988
9415.73980078125,0.00019197375892432897
9446.5952734375,0.00019873653217872421
9477.45074609375,0.00020582221498985026
9508.30621875,0.00021596093271874633
9539.161691406249,0.00022642154039731067
9570.0171640625,0.00024196200889306798
9600.87263671875,0.00025731664125657513
9631.728109375,0.0002740418294336517
9662.58358203125,0.0002926037760085912
9693.4390546875,0.0003122017708100321
9724.294527343747,0.0003348153044795157
9755.15,0.0003571182913279025
9786.0124375,0.0003804086146753744
9816.86791015625,0.00040592360592768176
9847.7233828125,0.00042769663926018524
9878.578855468751,0.0004493348168135693
9909.434328125,0.00047364143350070464
9940.289800781253,0.0004979856481982739
9971.145273437502,0.0005190867349863364
10002.00074609375,0.0005405662489356889
10032.85621875,0.0005601495359052516
10063.71169140625,0.0005790575371172433
10094.5671640625,0.0005968288421405648
10125.422636718751,0.0006125304212973039
10156.278109375,0.0006260844148431415
10187.13358203125,0.0006352021490398862
10217.9890546875,0.0006426799217469415
10248.84452734375,0.0006441996588188601
10279.7,0.00064171519503447
10310.5124375,0.0006356357879236171
10341.36791015625,0.0006295563808127642
10372.2233828125,0.0006174441626338202
10403.078855468751,0.0005981912538427218
10433.934328125,0.0005631056316815436
10464.789800781253,0.0005112539733353426
10495.645273437502,0.00044305264809322686
10526.50074609375,0.00038207590163434195
10557.35621875,0.00033072706251107065
10588.21169140625,0.0002920685587712471
10619.0671640625,0.0002606488063528249
10649.922636718751,0.0002322871996325741
10680.778109375,0.0002057642248381639
10711.63358203125,0.00018718124886755793
10742.4890546875,0.0001682730947145069
10773.34452734375,0.0001510403079063948
10804.2,0.000136183078103297
10835.1124375,0.00012440645211843368
10865.967910156249,0.00011498706589770491
10896.8233828125,0.000107535295719764
10927.67885546875,0.00010206052579311352
10958.534328125,9.760696371216824e-05
10989.38980078125,9.412582892603476e-05
11020.2452734375,9.132753008777116e-05
11051.100746093747,8.884323198952875e-05
11081.95621875,8.668003364548077e-05
11112.811691406248,8.450630785851145e-05
11143.6671640625,8.266407034719594e-05
11174.52263671875,8.115985806731433e-05
11205.378109375,7.93066992898494e-05
11236.23358203125,7.743051778491044e-05
11267.0890546875,7.554312952384466e-05
11297.944527343749,7.366680654842577e-05
11328.8,7.173977214123884e-05
11359.6124375,7.018991332767277e-05
11390.467910156249,6.824582854138137e-05
11421.3233828125,6.665675054215175e-05
11452.17885546875,6.507257812740216e-05
11483.034328125,6.382150751648298e-05
11513.88980078125,6.255824622862142e-05
11544.7452734375,6.130708130404907e-05
11575.600746093747,6.039406906179346e-05
11606.45621875,5.946863163297105e-05
11637.311691406248,5.818355457749598e-05
11668.1671640625,5.798064767399995e-05
11699.02263671875,5.703804770929606e-05
11729.878109375,5.610798763695365e-05
11760.73358203125,5.55203154397643e-05
11791.5890546875,5.530046649041408e-05
11822.444527343749,5.433651340480136e-05
11853.3,5.37655755085272e-05
11884.2124375,5.278463704376012e-05
11915.06791015625,5.180369857899304e-05
11945.9233828125,5.082659001325491e-05
11976.77885546875,4.911827534059636e-05
12007.634328125,4.700402450809823e-05
12038.48980078125,4.375983238371985e-05
12069.3452734375,3.97509107467112e-05
12100.20074609375,3.6469346199961323e-05
12131.05621875,3.39176941336713e-05
12161.911691406249,3.21245392318413e-05
12192.7671640625,3.106113622235853e-05
12223.62263671875,3.0367505184713305e-05
12254.478109375,2.9690791977254535e-05
12285.33358203125,2.938848485573277e-05
12316.1890546875,2.9083940971217387e-05
12347.044527343747,2.8779397086702e-05
12377.9,2.8849246543035344e-05
12408.7124375,2.8916928059851925e-05
12439.56791015625,2.9001529955872486e-05
12470.4233828125,2.944367746054101e-05
12501.27885546875,2.9528285729105712e-05
12532.134328125,3.037436841475355e-05
12562.98980078125,3.0850498148310224e-05
12593.8452734375,3.132434013852016e-05
12624.70074609375,3.179818212872996e-05
12655.55621875,3.264678706734894e-05
12686.411691406249,3.312066474380607e-05
12717.2671640625,3.359454242026319e-05
12748.12263671875,3.44771971367381e-05
12778.978109375,3.496803597668185e-05
12809.83358203125,3.5425023862146736e-05
12840.6890546875,3.593549396157232e-05
12871.544527343747,3.6409443010523824e-05
12902.4,3.64940767692651e-05
12933.3124375,3.659839276784147e-05
12964.16791015625,3.707237750304017e-05
12995.0233828125,3.71739456605828e-05
13025.87885546875,3.726139098579923e-05
13056.734328125,3.7752340708011026e-05
13087.58980078125,3.783698721184071e-05
13118.4452734375,3.794141919072033e-05
13149.30074609375,3.800914149181942e-05
13180.15621875,3.7704391136873856e-05
13211.01169140625,3.779188871695225e-05
13241.8671640625,3.7876547965870224e-05
13272.72263671875,3.796120721478806e-05
13303.578109375,3.7642335302025264e-05
13334.43358203125,3.774393404777977e-05
13365.2890546875,3.7405271561931605e-05
13396.14452734375,3.750969334474059e-05
13427.0,3.757743093994562e-05
13457.8124375,3.72556773627221e-05
13488.66791015625,3.6919767815943e-05
13519.5233828125,3.656411867643165e-05
13550.37885546875,3.58189490507887e-05
13581.234328125,3.4212634594165564e-05
13612.08980078125,3.302704824684304e-05
13642.9452734375,3.0130830169812157e-05
13673.80074609375,2.8083572619363217e-05
13704.65621875,2.5576715714860398e-05
13735.51169140625,2.3510252590878257e-05
13766.3671640625,2.1411524001399636e-05
13797.22263671875,2.0174940732331535e-05
13828.078109375,1.8938357463263302e-05
13858.93358203125,1.7686165284575245e-05
13889.7890546875,1.6856067488651704e-05
13920.64452734375,1.558550963774828e-05
13951.5,1.4756521939014162e-05
13982.3124375,1.3485868499948747e-05
14013.16791015625,1.2638766207238295e-05
14044.0233828125,1.2233077302111408e-05
14074.87885546875,1.1385911283959671e-05
14105.734328125,1.096232827488374e-05
14136.58980078125,1.055648260517084e-05
14167.4452734375,1.0149812328246184e-05
14198.30074609375,9.709252861577693e-06
14229.15621875,9.285637989781185e-06
14260.01169140625,8.862689686101731e-06
14290.8671640625,8.439042951584384e-06
14321.72263671875,8.472934690345873e-06
14352.578109375,8.03294620363245e-06
14383.43358203125,7.609267606394397e-06
14414.2890546875,7.626214750283903e-06
14445.14452734375,7.186129400899664e-06
14476.0,7.220026237696332e-06
14506.9124375,6.7624189409409015e-06
14537.76791015625,6.796826855777707e-06
14568.6233828125,6.796826855777707e-06
14599.478855468751,6.813776548684871e-06
14630.334328125,6.373563748417803e-06
14661.18980078125,6.390514715833795e-06
14692.0452734375,6.407465683249785e-06
14722.90074609375,6.407947447586871e-06
14753.75621875,6.424899689511691e-06
14784.61169140625,6.44185193143651e-06
14815.4671640625,6.4592897612249005e-06
14846.32263671875,6.018498333949799e-06
14877.178109375,6.018498333949799e-06
14908.03358203125,6.035905575526311e-06
14938.8890546875,6.035905575526311e-06
14969.74452734375,6.069815157411262e-06
15000.6,6.087227497023088e-06
